train_suite,bbob,cec2013,cec2014,cec2015,cec2017
bbob,,1.0655599623509424,1.475673391297561,1.4618380900126338,1.670845339564055
cec2013,0.8839799548963685,,0.6769260318588135,0.7265914529123039,0.6810030177899706
cec2014,1.2272448314848785,0.7579766302798556,,0.554182990547941,0.6164354190733465
cec2015,1.584802910897123,0.8544643412160091,0.5340944906689428,,0.704326907512139
cec2017,1.5350975419072237,0.7616795722323717,0.5179720727778458,0.6497640714903874,
