train_suite,bbob,cec2013,cec2014,cec2015,cec2017
bbob,,1.728123840850674,1.013976957259605,1.5879684645310703,1.6505224407082433
cec2013,0.8638627967758914,,0.7209872742972478,0.6001048547238321,0.8715982057700485
cec2014,1.0980028681387035,1.0494815033705995,,0.6409402552964174,0.6813875083786414
cec2015,1.7383602897677015,1.15317441590341,0.9338208963948512,,0.5741040377889249
cec2017,1.6067338325593965,0.6414011987048123,0.7454546534899337,0.6356947288124288,
