train_suite,bbob,cec2013,cec2014,cec2015,cec2017
bbob,,1.051028357409626,0.4640094245867366,0.8756496451213927,0.8854427389993312
cec2013,0.848207454048562,,0.6477295127224404,0.6893108409216214,0.4517936736657701
cec2014,0.711562810701029,0.7316090467843109,,0.4525840442508135,0.6870897137171246
cec2015,1.2602657112193116,0.5413067750711478,0.7378457209753893,,0.7139008370452953
cec2017,1.1189762116930888,0.7910559935447448,0.680043382829765,0.3508621153043996,
